City,Zone,Date Time,Latitude,Longitude,Road Length (KM),Current Speed (KMPH),Free Flow Speed (KMPH),Traffic Count (Vehicles/Hour),Temperature (Â°C),Weather Condition,Weather Timestamp
Bangalore,Koramangala,2024-12-01 14:55:53,12.9352,77.6245,3.0,29,32,15769,20.09,overcast clouds,2024-12-01T20:25:53
Bangalore,Koramangala,2024-11-24 14:55:54,12.9352,77.6245,3.0,29,32,15769,20.05,overcast clouds,2024-11-24T20:25:54
Bangalore,Koramangala,2024-11-17 14:55:55,12.9352,77.6245,3.0,29,32,15769,20.23,scattered clouds,2024-11-17T20:25:55
Bangalore,Koramangala,2024-11-10 14:55:56,12.9352,77.6245,3.0,29,32,15769,22.64,few clouds,2024-11-10T20:25:56
Bangalore,Koramangala,2024-11-03 14:55:57,12.9352,77.6245,3.0,29,32,15769,23.17,scattered clouds,2024-11-03T20:25:57
Bangalore,Koramangala,2024-10-27 14:55:58,12.9352,77.6245,3.0,29,32,15769,22.87,few clouds,2024-10-27T20:25:58
Bangalore,Koramangala,2024-10-20 14:55:59,12.9352,77.6245,3.0,29,32,15769,23.84,thunderstorm with rain,2024-10-20T20:25:59
Bangalore,Koramangala,2024-10-13 14:55:59,12.9352,77.6245,3.0,29,32,15769,23.89,drizzle,2024-10-13T20:25:59
Bangalore,Koramangala,2024-10-06 14:56:00,12.9352,77.6245,3.0,29,32,15769,25.86,broken clouds,2024-10-06T20:26:00
Bangalore,Koramangala,2024-09-29 14:56:01,12.9352,77.6245,3.0,29,32,15769,26.81,scattered clouds,2024-09-29T20:26:01
Bangalore,Koramangala,2024-09-22 14:56:01,12.9352,77.6245,3.0,29,32,15769,24.96,scattered clouds,2024-09-22T20:26:01
Bangalore,Koramangala,2024-09-15 14:56:02,12.9352,77.6245,3.0,29,32,15769,24.79,broken clouds,2024-09-15T20:26:02
Bangalore,Koramangala,2024-09-08 14:56:02,12.9352,77.6245,3.0,29,32,15769,22.47,overcast clouds,2024-09-08T20:26:02
Bangalore,Koramangala,2024-09-01 14:56:03,12.9352,77.6245,3.0,29,32,15769,24.85,broken clouds,2024-09-01T20:26:03
Bangalore,Koramangala,2024-08-25 14:56:04,12.9352,77.6245,3.0,29,32,15769,24.85,scattered clouds,2024-08-25T20:26:04
Bangalore,Koramangala,2024-08-18 14:56:04,12.9352,77.6245,3.0,29,32,15769,24.98,scattered clouds,2024-08-18T20:26:04
Bangalore,Koramangala,2024-08-11 14:56:05,12.9352,77.6245,3.0,29,32,15769,27.06,moderate rain,2024-08-11T20:26:05
Bangalore,Koramangala,2024-08-04 14:56:06,12.9352,77.6245,3.0,29,32,15769,23.77,scattered clouds,2024-08-04T20:26:06
Bangalore,Koramangala,2024-07-28 14:56:06,12.9352,77.6245,3.0,29,32,15769,23.89,scattered clouds,2024-07-28T20:26:06
Bangalore,Koramangala,2024-07-21 14:56:07,12.9352,77.6245,3.0,29,32,15769,22.1,broken clouds,2024-07-21T20:26:07
Bangalore,Koramangala,2024-07-14 14:56:08,12.9352,77.6245,3.0,29,32,15769,23.78,light rain,2024-07-14T20:26:08
Bangalore,Koramangala,2024-07-07 14:56:08,12.9352,77.6245,3.0,29,32,15769,23.89,broken clouds,2024-07-07T20:26:08
Bangalore,Koramangala,2024-06-30 14:56:09,12.9352,77.6245,3.0,29,32,15769,26.22,light rain,2024-06-30T20:26:09
Bangalore,Koramangala,2024-06-23 14:56:10,12.9352,77.6245,3.0,29,32,15769,23.0,broken clouds,2024-06-23T20:26:10
Bangalore,Koramangala,2024-06-16 14:56:11,12.9352,77.6245,3.0,29,32,15769,27.29,scattered clouds,2024-06-16T20:26:11
Bangalore,Koramangala,2024-06-09 14:56:11,12.9352,77.6245,3.0,29,32,15769,23.84,scattered clouds,2024-06-09T20:26:11
Bangalore,Koramangala,2024-06-02 14:56:12,12.9352,77.6245,3.0,29,32,15769,24.59,thunderstorm,2024-06-02T20:26:12
Bangalore,Koramangala,2024-05-26 14:56:12,12.9352,77.6245,3.0,29,32,15769,24.98,scattered clouds,2024-05-26T20:26:12
Bangalore,Koramangala,2024-05-19 14:56:13,12.9352,77.6245,3.0,29,32,15769,22.98,thunderstorm with light rain,2024-05-19T20:26:13
Bangalore,Koramangala,2024-05-12 14:56:14,12.9352,77.6245,3.0,29,32,15769,31.21,moderate rain,2024-05-12T20:26:14
Bangalore,Koramangala,2024-05-05 14:56:14,12.9352,77.6245,3.0,29,32,15769,32.55,few clouds,2024-05-05T20:26:14
Bangalore,Koramangala,2024-04-28 14:56:15,12.9352,77.6245,3.0,29,32,15769,31.7,clear sky,2024-04-28T20:26:15
Bangalore,Koramangala,2024-04-21 14:56:16,12.9352,77.6245,3.0,30,32,16875,32.19,few clouds,2024-04-21T20:26:16
Bangalore,Koramangala,2024-04-14 14:56:16,12.9352,77.6245,3.0,30,32,16875,30.94,few clouds,2024-04-14T20:26:16
Bangalore,Koramangala,2024-04-07 14:56:17,12.9352,77.6245,3.0,30,32,16875,32.16,overcast clouds,2024-04-07T20:26:17
Bangalore,Koramangala,2024-03-31 14:56:18,12.9352,77.6245,3.0,30,32,16875,29.98,clear sky,2024-03-31T20:26:18
Bangalore,Koramangala,2024-03-24 14:56:18,12.9352,77.6245,3.0,30,32,16875,29.13,clear sky,2024-03-24T20:26:18
Bangalore,Koramangala,2024-03-17 14:56:19,12.9352,77.6245,3.0,30,32,16875,28.98,few clouds,2024-03-17T20:26:19
Bangalore,Koramangala,2024-03-10 14:56:19,12.9352,77.6245,3.0,30,32,16875,30.35,broken clouds,2024-03-10T20:26:19
Bangalore,Koramangala,2024-03-03 14:56:20,12.9352,77.6245,3.0,30,32,16875,26.09,clear sky,2024-03-03T20:26:20
Bangalore,Koramangala,2024-02-25 14:56:21,12.9352,77.6245,3.0,30,32,16875,27.2,few clouds,2024-02-25T20:26:21
Bangalore,Koramangala,2024-02-18 14:56:21,12.9352,77.6245,3.0,30,32,16875,25.98,few clouds,2024-02-18T20:26:21
Bangalore,Koramangala,2024-02-11 14:56:22,12.9352,77.6245,3.0,30,32,16875,23.84,clear sky,2024-02-11T20:26:22
Bangalore,Koramangala,2024-02-04 14:56:22,12.9352,77.6245,3.0,30,32,16875,24.26,scattered clouds,2024-02-04T20:26:22
Bangalore,Koramangala,2024-01-28 14:56:23,12.9352,77.6245,3.0,30,32,16875,23.34,overcast clouds,2024-01-28T20:26:23
Bangalore,Koramangala,2024-01-21 14:56:24,12.9352,77.6245,3.0,30,32,16875,24.11,few clouds,2024-01-21T20:26:24
Bangalore,Koramangala,2024-01-14 14:56:24,12.9352,77.6245,3.0,30,32,16875,22.87,clear sky,2024-01-14T20:26:24
Bangalore,Koramangala,2024-01-07 14:56:25,12.9352,77.6245,3.0,30,32,16875,22.31,scattered clouds,2024-01-07T20:26:25
Bangalore,Koramangala,2023-12-31 14:56:25,12.9352,77.6245,3.0,30,32,16875,21.78,clear sky,2023-12-31T20:26:25
Bangalore,Koramangala,2023-12-24 14:56:26,12.9352,77.6245,3.0,30,32,16875,22.25,clear sky,2023-12-24T20:26:26
Bangalore,Koramangala,2023-12-17 14:56:27,12.9352,77.6245,3.0,30,32,16875,21.63,few clouds,2023-12-17T20:26:27
Bangalore,Koramangala,2023-12-10 14:56:27,12.9352,77.6245,3.0,30,32,16875,22.58,scattered clouds,2023-12-10T20:26:27
Bangalore,Koramangala,2023-12-03 14:56:28,12.9352,77.6245,3.0,30,32,16875,21.96,broken clouds,2023-12-03T20:26:28
Bangalore,Whitefield,2024-12-01 14:56:28,12.9698,77.7499,5.0,31,38,25289,20.25,overcast clouds,2024-12-01T20:26:28
Bangalore,Whitefield,2024-11-24 14:56:29,12.9698,77.7499,5.0,31,38,25289,20.07,overcast clouds,2024-11-24T20:26:29
Bangalore,Whitefield,2024-11-17 14:56:30,12.9698,77.7499,5.0,31,38,25289,20.25,scattered clouds,2024-11-17T20:26:30
Bangalore,Whitefield,2024-11-10 14:56:30,12.9698,77.7499,5.0,31,38,25289,22.65,few clouds,2024-11-10T20:26:30
Bangalore,Whitefield,2024-11-03 14:56:31,12.9698,77.7499,5.0,31,38,25289,23.1,broken clouds,2024-11-03T20:26:31
Bangalore,Whitefield,2024-10-27 14:56:32,12.9698,77.7499,5.0,31,38,25289,22.88,few clouds,2024-10-27T20:26:32
Bangalore,Whitefield,2024-10-20 14:56:32,12.9698,77.7499,5.0,31,38,25289,23.0,thunderstorm with rain,2024-10-20T20:26:32
Bangalore,Whitefield,2024-10-13 14:56:33,12.9698,77.7499,5.0,31,38,25289,20.66,drizzle,2024-10-13T20:26:33
Bangalore,Whitefield,2024-10-06 14:56:34,12.9698,77.7499,5.0,31,38,25289,23.9,overcast clouds,2024-10-06T20:26:34
Bangalore,Whitefield,2024-09-29 14:56:34,12.9698,77.7499,5.0,31,38,25289,25.45,scattered clouds,2024-09-29T20:26:34
Bangalore,Whitefield,2024-09-22 14:56:35,12.9698,77.7499,5.0,31,38,25289,24.53,scattered clouds,2024-09-22T20:26:35
Bangalore,Whitefield,2024-09-15 14:56:35,12.9698,77.7499,5.0,31,38,25289,24.12,broken clouds,2024-09-15T20:26:35
Bangalore,Whitefield,2024-09-08 14:56:36,12.9698,77.7499,5.0,31,38,25289,22.65,overcast clouds,2024-09-08T20:26:36
Bangalore,Whitefield,2024-09-01 14:56:37,12.9698,77.7499,5.0,31,38,25289,22.36,broken clouds,2024-09-01T20:26:37
Bangalore,Whitefield,2024-08-25 14:56:38,12.9698,77.7499,5.0,31,38,25289,23.87,scattered clouds,2024-08-25T20:26:38
Bangalore,Whitefield,2024-08-18 14:56:38,12.9698,77.7499,5.0,31,38,25289,25.51,scattered clouds,2024-08-18T20:26:38
Bangalore,Whitefield,2024-08-11 14:56:39,12.9698,77.7499,5.0,31,38,25289,26.95,moderate rain,2024-08-11T20:26:39
Bangalore,Whitefield,2024-08-04 14:56:40,12.9698,77.7499,5.0,31,38,25289,23.85,scattered clouds,2024-08-04T20:26:40
Bangalore,Whitefield,2024-07-28 14:56:40,12.9698,77.7499,5.0,31,38,25289,23.9,scattered clouds,2024-07-28T20:26:40
Bangalore,Whitefield,2024-07-21 14:56:41,12.9698,77.7499,5.0,31,38,25289,22.99,broken clouds,2024-07-21T20:26:41
Bangalore,Whitefield,2024-07-14 14:56:41,12.9698,77.7499,5.0,31,38,25289,22.44,light rain,2024-07-14T20:26:41
Bangalore,Whitefield,2024-07-07 14:56:42,12.9698,77.7499,5.0,31,38,25289,23.57,broken clouds,2024-07-07T20:26:42
Bangalore,Whitefield,2024-06-30 14:56:43,12.9698,77.7499,5.0,31,38,25289,27.36,scattered clouds,2024-06-30T20:26:43
Bangalore,Whitefield,2024-06-23 14:56:43,12.9698,77.7499,5.0,31,38,25289,23.58,broken clouds,2024-06-23T20:26:43
Bangalore,Whitefield,2024-06-16 14:56:44,12.9698,77.7499,5.0,31,38,25289,26.45,scattered clouds,2024-06-16T20:26:44
Bangalore,Whitefield,2024-06-09 14:56:45,12.9698,77.7499,5.0,31,38,25289,23.99,scattered clouds,2024-06-09T20:26:45
Bangalore,Whitefield,2024-06-02 14:56:45,12.9698,77.7499,5.0,31,38,25289,24.61,thunderstorm,2024-06-02T20:26:45
Bangalore,Whitefield,2024-05-26 14:56:46,12.9698,77.7499,5.0,31,38,25289,24.99,scattered clouds,2024-05-26T20:26:46
Bangalore,Whitefield,2024-05-19 14:56:46,12.9698,77.7499,5.0,31,38,25289,22.99,thunderstorm with light rain,2024-05-19T20:26:46
Bangalore,Electronic City,2024-12-01 15:01:15,12.8391,77.677,4.0,26,26,20800,19.88,overcast clouds,2024-12-01T20:31:15
Bangalore,Electronic City,2024-11-24 15:01:16,12.8391,77.677,4.0,26,26,20800,19.52,overcast clouds,2024-11-24T20:31:16
Bangalore,Electronic City,2024-11-17 15:01:17,12.8391,77.677,4.0,26,26,20800,19.82,scattered clouds,2024-11-17T20:31:17
Bangalore,Electronic City,2024-11-10 15:01:18,12.8391,77.677,4.0,26,26,20800,22.53,few clouds,2024-11-10T20:31:18
Bangalore,Electronic City,2024-11-03 15:01:18,12.8391,77.677,4.0,26,26,20800,23.0,broken clouds,2024-11-03T20:31:18
Bangalore,Electronic City,2024-10-27 15:01:19,12.8391,77.677,4.0,26,26,20800,22.73,few clouds,2024-10-27T20:31:19
Bangalore,Electronic City,2024-10-20 15:01:20,12.8391,77.677,4.0,26,26,20800,22.76,thunderstorm with rain,2024-10-20T20:31:20
Bangalore,Electronic City,2024-10-13 15:01:20,12.8391,77.677,4.0,26,26,20800,20.27,overcast clouds,2024-10-13T20:31:20
Bangalore,Electronic City,2024-10-06 15:01:21,12.8391,77.677,4.0,26,26,20800,23.65,overcast clouds,2024-10-06T20:31:21
Bangalore,Electronic City,2024-09-29 15:01:22,12.8391,77.677,4.0,26,26,20800,25.32,few clouds,2024-09-29T20:31:22
Bangalore,Electronic City,2024-09-22 15:01:22,12.8391,77.677,4.0,26,26,20800,24.87,scattered clouds,2024-09-22T20:31:22
Bangalore,Electronic City,2024-09-15 15:01:23,12.8391,77.677,4.0,26,26,20800,23.95,broken clouds,2024-09-15T20:31:23
Bangalore,Electronic City,2024-09-08 15:01:24,12.8391,77.677,4.0,26,26,20800,22.38,overcast clouds,2024-09-08T20:31:24
Bangalore,Electronic City,2024-09-01 15:01:24,12.8391,77.677,4.0,26,26,20800,22.11,broken clouds,2024-09-01T20:31:24
Bangalore,Electronic City,2024-08-25 15:01:25,12.8391,77.677,4.0,26,26,20800,23.53,overcast clouds,2024-08-25T20:31:25
Bangalore,Electronic City,2024-08-18 15:01:26,12.8391,77.677,4.0,26,26,20800,25.39,scattered clouds,2024-08-18T20:31:26
Bangalore,Electronic City,2024-08-11 15:01:26,12.8391,77.677,4.0,26,26,20800,27.14,moderate rain,2024-08-11T20:31:26
Bangalore,Electronic City,2024-08-04 15:01:27,12.8391,77.677,4.0,26,26,20800,23.48,scattered clouds,2024-08-04T20:31:27
Bangalore,Electronic City,2024-07-28 15:01:28,12.8391,77.677,4.0,26,26,20800,23.76,scattered clouds,2024-07-28T20:31:28
Bangalore,Electronic City,2024-07-21 15:01:28,12.8391,77.677,4.0,26,26,20800,22.91,broken clouds,2024-07-21T20:31:28
Bangalore,Electronic City,2024-07-14 15:01:29,12.8391,77.677,4.0,26,26,20800,22.28,light rain,2024-07-14T20:31:29
Bangalore,Electronic City,2024-07-07 15:01:30,12.8391,77.677,4.0,26,26,20800,23.08,broken clouds,2024-07-07T20:31:30
Bangalore,Electronic City,2024-06-30 15:01:30,12.8391,77.677,4.0,26,26,20800,26.71,scattered clouds,2024-06-30T20:31:30
Bangalore,Electronic City,2024-06-23 15:01:31,12.8391,77.677,4.0,26,26,20800,23.47,broken clouds,2024-06-23T20:31:31
Bangalore,Electronic City,2024-06-16 15:01:32,12.8391,77.677,4.0,26,26,20800,27.8,scattered clouds,2024-06-16T20:31:32
Bangalore,Electronic City,2024-06-09 15:01:32,12.8391,77.677,4.0,26,26,20800,23.87,scattered clouds,2024-06-09T20:31:32
Bangalore,Electronic City,2024-06-02 15:01:33,12.8391,77.677,4.0,26,26,20800,24.53,thunderstorm,2024-06-02T20:31:33
Bangalore,Electronic City,2024-05-26 15:01:34,12.8391,77.677,4.0,26,26,20800,24.98,scattered clouds,2024-05-26T20:31:34
Bangalore,Electronic City,2024-05-19 15:01:34,12.8391,77.677,4.0,26,26,20800,23.35,thunderstorm with light rain,2024-05-19T20:31:34
Bangalore,Electronic City,2024-05-12 15:01:35,12.8391,77.677,4.0,26,26,20800,25.56,moderate rain,2024-05-12T20:31:35
Bangalore,Electronic City,2024-05-05 15:01:36,12.8391,77.677,4.0,26,26,20800,32.71,few clouds,2024-05-05T20:31:36
Bangalore,Electronic City,2024-04-28 15:01:36,12.8391,77.677,4.0,26,26,20800,31.57,clear sky,2024-04-28T20:31:36
Bangalore,Electronic City,2024-04-21 15:01:37,12.8391,77.677,4.0,26,26,20800,32.17,few clouds,2024-04-21T20:31:37
Bangalore,Electronic City,2024-04-14 15:01:38,12.8391,77.677,4.0,26,26,20800,31.66,few clouds,2024-04-14T20:31:38
Bangalore,Electronic City,2024-04-07 15:01:38,12.8391,77.677,4.0,26,26,20800,32.21,overcast clouds,2024-04-07T20:31:38
Bangalore,Electronic City,2024-03-31 15:01:39,12.8391,77.677,4.0,26,26,20800,27.98,clear sky,2024-03-31T20:31:39
Bangalore,Electronic City,2024-03-24 15:01:51,12.8391,77.677,4.0,26,26,20800,28.37,clear sky,2024-03-24T20:31:51
Bangalore,Electronic City,2024-03-17 15:01:52,12.8391,77.677,4.0,26,26,20800,28.16,clear sky,2024-03-17T20:31:52
Bangalore,Electronic City,2024-03-10 15:01:53,12.8391,77.677,4.0,26,26,20800,30.48,few clouds,2024-03-10T20:31:53
Bangalore,Electronic City,2024-03-03 15:01:54,12.8391,77.677,4.0,26,26,20800,25.82,clear sky,2024-03-03T20:31:54
Bangalore,Electronic City,2024-02-25 15:01:54,12.8391,77.677,4.0,26,26,20800,26.23,few clouds,2024-02-25T20:31:54
Bangalore,Electronic City,2024-02-18 15:01:55,12.8391,77.677,4.0,26,26,20800,25.38,clear sky,2024-02-18T20:31:55
Bangalore,Electronic City,2024-02-11 15:01:56,12.8391,77.677,4.0,26,26,20800,23.63,clear sky,2024-02-11T20:31:56
Bangalore,Electronic City,2024-02-04 15:01:56,12.8391,77.677,4.0,26,26,20800,24.09,broken clouds,2024-02-04T20:31:56
Bangalore,Electronic City,2024-01-28 15:01:57,12.8391,77.677,4.0,26,26,20800,23.18,overcast clouds,2024-01-28T20:31:57
Bangalore,Electronic City,2024-01-21 15:01:58,12.8391,77.677,4.0,26,26,20800,23.7,clear sky,2024-01-21T20:31:58
Bangalore,Electronic City,2024-01-14 15:01:58,12.8391,77.677,4.0,26,26,20800,22.67,clear sky,2024-01-14T20:31:58
Bangalore,Electronic City,2024-01-07 15:01:59,12.8391,77.677,4.0,26,26,20800,22.2,light rain,2024-01-07T20:31:59
Bangalore,Electronic City,2023-12-31 15:02:00,12.8391,77.677,4.0,26,26,20800,21.56,clear sky,2023-12-31T20:32:00
Bangalore,Electronic City,2023-12-24 15:02:01,12.8391,77.677,4.0,26,26,20800,22.08,clear sky,2023-12-24T20:32:01
Bangalore,Electronic City,2023-12-17 15:02:01,12.8391,77.677,4.0,26,26,20800,21.41,few clouds,2023-12-17T20:32:01
Bangalore,Electronic City,2023-12-10 15:02:02,12.8391,77.677,4.0,26,26,20800,22.44,scattered clouds,2023-12-10T20:32:02
Bangalore,Electronic City,2023-12-03 15:02:02,12.8391,77.677,4.0,26,26,20800,21.76,broken clouds,2023-12-03T20:32:02
Bangalore,Hebbal,2024-12-01 15:02:03,13.0358,77.597,2.0,29,48,7008,20.08,overcast clouds,2024-12-01T20:32:03
Bangalore,Hebbal,2024-11-24 15:02:04,13.0358,77.597,2.0,29,48,7008,20.03,overcast clouds,2024-11-24T20:32:04
Bangalore,Hebbal,2024-11-17 15:02:04,13.0358,77.597,2.0,29,48,7008,20.18,scattered clouds,2024-11-17T20:32:04
Bangalore,Hebbal,2024-11-10 15:02:05,13.0358,77.597,2.0,29,48,7008,22.69,few clouds,2024-11-10T20:32:05
Bangalore,Hebbal,2024-11-03 15:02:06,13.0358,77.597,2.0,29,48,7008,23.36,scattered clouds,2024-11-03T20:32:06
Bangalore,Hebbal,2024-10-27 15:02:06,13.0358,77.597,2.0,29,48,7008,22.66,few clouds,2024-10-27T20:32:06
Bangalore,Hebbal,2024-10-20 15:02:07,13.0358,77.597,2.0,29,48,7008,23.25,thunderstorm with rain,2024-10-20T20:32:07
Bangalore,Hebbal,2024-10-13 15:02:07,13.0358,77.597,2.0,29,48,7008,22.96,drizzle,2024-10-13T20:32:07
Bangalore,Hebbal,2024-10-06 15:02:08,13.0358,77.597,2.0,29,48,7008,25.44,broken clouds,2024-10-06T20:32:08
Bangalore,Hebbal,2024-09-29 15:02:08,13.0358,77.597,2.0,29,48,7008,25.61,scattered clouds,2024-09-29T20:32:08
Bangalore,Hebbal,2024-09-22 15:02:09,13.0358,77.597,2.0,29,48,7008,25.72,scattered clouds,2024-09-22T20:32:09
Bangalore,Hebbal,2024-09-15 15:02:10,13.0358,77.597,2.0,29,48,7008,23.89,broken clouds,2024-09-15T20:32:10
Bangalore,Hebbal,2024-09-08 15:02:10,13.0358,77.597,2.0,29,48,7008,22.44,overcast clouds,2024-09-08T20:32:10
Bangalore,Hebbal,2024-09-01 15:02:11,13.0358,77.597,2.0,29,48,7008,23.89,broken clouds,2024-09-01T20:32:11
Bangalore,Hebbal,2024-08-25 15:02:12,13.0358,77.597,2.0,29,48,7008,24.34,scattered clouds,2024-08-25T20:32:12
Bangalore,Hebbal,2024-08-18 15:02:13,13.0358,77.597,2.0,29,48,7008,24.87,scattered clouds,2024-08-18T20:32:13
Bangalore,Hebbal,2024-08-11 15:02:13,13.0358,77.597,2.0,29,48,7008,26.54,moderate rain,2024-08-11T20:32:13
Bangalore,Hebbal,2024-08-04 15:02:14,13.0358,77.597,2.0,29,48,7008,23.59,scattered clouds,2024-08-04T20:32:14
Bangalore,Hebbal,2024-07-28 15:02:15,13.0358,77.597,2.0,29,48,7008,23.25,scattered clouds,2024-07-28T20:32:15
Bangalore,Hebbal,2024-07-21 15:02:16,13.0358,77.597,2.0,29,48,7008,22.91,broken clouds,2024-07-21T20:32:16
Bangalore,Hebbal,2024-07-14 15:02:16,13.0358,77.597,2.0,29,48,7008,22.8,light rain,2024-07-14T20:32:16
Bangalore,Hebbal,2024-07-07 15:02:17,13.0358,77.597,2.0,29,48,7008,24.17,broken clouds,2024-07-07T20:32:17
Bangalore,Hebbal,2024-06-30 15:02:17,13.0358,77.597,2.0,29,48,7008,26.78,light rain,2024-06-30T20:32:17
Bangalore,Hebbal,2024-06-23 15:02:18,13.0358,77.597,2.0,29,48,7008,23.54,broken clouds,2024-06-23T20:32:18
Bangalore,Hebbal,2024-06-16 15:02:19,13.0358,77.597,2.0,29,48,7008,27.88,scattered clouds,2024-06-16T20:32:19
Bangalore,Hebbal,2024-06-09 15:02:19,13.0358,77.597,2.0,29,48,7008,23.25,scattered clouds,2024-06-09T20:32:19
Bangalore,Hebbal,2024-06-02 15:02:20,13.0358,77.597,2.0,29,48,7008,24.76,thunderstorm,2024-06-02T20:32:20
Bangalore,Hebbal,2024-05-26 15:02:21,13.0358,77.597,2.0,29,48,7008,25.35,scattered clouds,2024-05-26T20:32:21
Bangalore,Hebbal,2024-05-19 15:02:21,13.0358,77.597,2.0,29,48,7008,26.67,thunderstorm with light rain,2024-05-19T20:32:21
Bangalore,Hebbal,2024-05-12 15:02:22,13.0358,77.597,2.0,29,48,7008,30.75,moderate rain,2024-05-12T20:32:22
Bangalore,Hebbal,2024-05-05 15:02:23,13.0358,77.597,2.0,29,48,7008,33.08,few clouds,2024-05-05T20:32:23
Bangalore,Hebbal,2024-04-28 15:02:23,13.0358,77.597,2.0,29,48,7008,31.99,clear sky,2024-04-28T20:32:23
Bangalore,Hebbal,2024-04-21 15:02:25,13.0358,77.597,2.0,29,48,7008,32.88,few clouds,2024-04-21T20:32:25
Bangalore,Hebbal,2024-04-14 15:02:25,13.0358,77.597,2.0,29,48,7008,31.69,few clouds,2024-04-14T20:32:25
Bangalore,Hebbal,2024-04-07 15:02:26,13.0358,77.597,2.0,29,48,7008,32.88,overcast clouds,2024-04-07T20:32:26
Bangalore,Hebbal,2024-03-31 15:02:41,13.0358,77.597,2.0,29,48,7008,30.56,clear sky,2024-03-31T20:32:41
Bangalore,Hebbal,2024-03-24 15:02:42,13.0358,77.597,2.0,29,48,7008,30.26,clear sky,2024-03-24T20:32:42
Bangalore,Hebbal,2024-03-17 15:02:43,13.0358,77.597,2.0,29,48,7008,30.75,few clouds,2024-03-17T20:32:43
Bangalore,Hebbal,2024-03-10 15:02:43,13.0358,77.597,2.0,29,48,7008,30.99,few clouds,2024-03-10T20:32:43
Bangalore,Hebbal,2024-03-03 15:02:44,13.0358,77.597,2.0,29,48,7008,26.1,clear sky,2024-03-03T20:32:44
Bangalore,Hebbal,2024-02-25 15:02:45,13.0358,77.597,2.0,29,48,7008,28.24,few clouds,2024-02-25T20:32:45
Bangalore,Hebbal,2024-02-18 15:02:45,13.0358,77.597,2.0,29,48,7008,26.67,few clouds,2024-02-18T20:32:45
Bangalore,Hebbal,2024-02-11 15:02:46,13.0358,77.597,2.0,29,48,7008,24.08,clear sky,2024-02-11T20:32:46
Bangalore,Hebbal,2024-02-04 15:02:46,13.0358,77.597,2.0,29,48,7008,24.33,scattered clouds,2024-02-04T20:32:46
Bangalore,Hebbal,2024-01-28 15:02:47,13.0358,77.597,2.0,29,48,7008,23.43,overcast clouds,2024-01-28T20:32:47
Bangalore,Hebbal,2024-01-21 15:02:48,13.0358,77.597,2.0,29,48,7008,24.15,few clouds,2024-01-21T20:32:48
Bangalore,Hebbal,2024-01-14 15:02:48,13.0358,77.597,2.0,29,48,7008,22.78,clear sky,2024-01-14T20:32:48
Bangalore,Hebbal,2024-01-07 15:02:49,13.0358,77.597,2.0,31,49,7845,22.52,scattered clouds,2024-01-07T20:32:49
Bangalore,Hebbal,2023-12-31 15:02:50,13.0358,77.597,2.0,31,49,7845,21.68,clear sky,2023-12-31T20:32:50
Bangalore,Hebbal,2023-12-24 15:02:51,13.0358,77.597,2.0,31,49,7845,22.02,clear sky,2023-12-24T20:32:51
Bangalore,Hebbal,2023-12-17 15:02:52,13.0358,77.597,2.0,31,49,7845,21.54,few clouds,2023-12-17T20:32:52
Bangalore,Hebbal,2023-12-10 15:02:52,13.0358,77.597,2.0,31,49,7845,22.51,scattered clouds,2023-12-10T20:32:52
Bangalore,Hebbal,2023-12-03 15:02:53,13.0358,77.597,2.0,31,49,7845,21.58,broken clouds,2023-12-03T20:32:53
Bangalore,MG Road,2024-12-01 15:02:54,12.9756,77.6068,1.5,20,30,4000,19.96,overcast clouds,2024-12-01T20:32:54
Bangalore,MG Road,2024-11-24 15:02:55,12.9756,77.6068,1.5,20,30,4000,19.91,overcast clouds,2024-11-24T20:32:55
Bangalore,MG Road,2024-11-17 15:02:56,12.9756,77.6068,1.5,20,30,4000,20.08,scattered clouds,2024-11-17T20:32:56
Bangalore,MG Road,2024-11-10 15:02:57,12.9756,77.6068,1.5,20,30,4000,22.46,few clouds,2024-11-10T20:32:57
Bangalore,MG Road,2024-11-03 15:02:57,12.9756,77.6068,1.5,20,30,4000,23.01,scattered clouds,2024-11-03T20:32:57
Bangalore,MG Road,2024-10-27 15:02:58,12.9756,77.6068,1.5,20,30,4000,22.71,few clouds,2024-10-27T20:32:58
Bangalore,MG Road,2024-10-20 15:02:59,12.9756,77.6068,1.5,20,30,4000,23.79,thunderstorm with rain,2024-10-20T20:32:59
Bangalore,MG Road,2024-10-13 15:02:59,12.9756,77.6068,1.5,20,30,4000,23.39,drizzle,2024-10-13T20:32:59
Bangalore,MG Road,2024-10-06 15:03:00,12.9756,77.6068,1.5,20,30,4000,25.79,broken clouds,2024-10-06T20:33:00
Bangalore,MG Road,2024-09-29 15:03:01,12.9756,77.6068,1.5,20,30,4000,26.78,scattered clouds,2024-09-29T20:33:01
Bangalore,MG Road,2024-09-22 15:03:02,12.9756,77.6068,1.5,20,30,4000,24.81,scattered clouds,2024-09-22T20:33:02
Bangalore,MG Road,2024-09-15 15:03:02,12.9756,77.6068,1.5,20,30,4000,24.79,broken clouds,2024-09-15T20:33:02
Bangalore,MG Road,2024-09-08 15:03:03,12.9756,77.6068,1.5,20,30,4000,22.28,overcast clouds,2024-09-08T20:33:03
Bangalore,MG Road,2024-09-01 15:03:04,12.9756,77.6068,1.5,20,30,4000,24.79,broken clouds,2024-09-01T20:33:04
Bangalore,MG Road,2024-08-25 15:03:04,12.9756,77.6068,1.5,20,30,4000,24.79,scattered clouds,2024-08-25T20:33:04
Bangalore,MG Road,2024-08-18 15:03:05,12.9756,77.6068,1.5,20,30,4000,24.8,scattered clouds,2024-08-18T20:33:05
Bangalore,MG Road,2024-08-11 15:03:06,12.9756,77.6068,1.5,20,30,4000,26.83,moderate rain,2024-08-11T20:33:06
Bangalore,MG Road,2024-08-04 15:03:06,12.9756,77.6068,1.5,20,30,4000,23.64,scattered clouds,2024-08-04T20:33:06
Bangalore,MG Road,2024-07-28 15:03:07,12.9756,77.6068,1.5,20,30,4000,23.79,scattered clouds,2024-07-28T20:33:07
Bangalore,MG Road,2024-07-21 15:03:08,12.9756,77.6068,1.5,20,30,4000,21.81,broken clouds,2024-07-21T20:33:08
Bangalore,MG Road,2024-07-14 15:03:09,12.9756,77.6068,1.5,20,30,4000,23.79,light rain,2024-07-14T20:33:09
Bangalore,MG Road,2024-07-07 15:03:10,12.9756,77.6068,1.5,20,30,4000,23.8,broken clouds,2024-07-07T20:33:10
Bangalore,MG Road,2024-06-30 15:03:10,12.9756,77.6068,1.5,20,30,4000,27.11,light rain,2024-06-30T20:33:10
Bangalore,MG Road,2024-06-23 15:03:11,12.9756,77.6068,1.5,20,30,4000,22.81,broken clouds,2024-06-23T20:33:11
Bangalore,MG Road,2024-06-16 15:03:12,12.9756,77.6068,1.5,20,30,4000,28.19,scattered clouds,2024-06-16T20:33:12
Bangalore,MG Road,2024-06-09 15:03:12,12.9756,77.6068,1.5,20,30,4000,23.79,scattered clouds,2024-06-09T20:33:12
Bangalore,MG Road,2024-06-02 15:03:13,12.9756,77.6068,1.5,20,30,4000,24.41,thunderstorm,2024-06-02T20:33:13
Bangalore,MG Road,2024-05-26 15:03:14,12.9756,77.6068,1.5,20,30,4000,24.8,scattered clouds,2024-05-26T20:33:14
Bangalore,MG Road,2024-05-19 15:03:14,12.9756,77.6068,1.5,20,30,4000,26.6,thunderstorm with light rain,2024-05-19T20:33:14
Bangalore,MG Road,2024-05-12 15:03:15,12.9756,77.6068,1.5,20,30,4000,30.68,moderate rain,2024-05-12T20:33:15
Bangalore,MG Road,2024-05-05 15:03:16,12.9756,77.6068,1.5,20,30,4000,32.65,few clouds,2024-05-05T20:33:16
Bangalore,MG Road,2024-04-28 15:03:16,12.9756,77.6068,1.5,20,30,4000,31.51,clear sky,2024-04-28T20:33:16
Bangalore,MG Road,2024-04-21 15:03:17,12.9756,77.6068,1.5,20,30,4000,32.71,few clouds,2024-04-21T20:33:17
Bangalore,MG Road,2024-04-14 15:03:18,12.9756,77.6068,1.5,20,30,4000,31.44,few clouds,2024-04-14T20:33:18
Bangalore,MG Road,2024-04-07 15:03:18,12.9756,77.6068,1.5,20,30,4000,32.71,overcast clouds,2024-04-07T20:33:18
Bangalore,MG Road,2024-03-31 15:03:19,12.9756,77.6068,1.5,20,30,4000,30.49,clear sky,2024-03-31T20:33:19
Bangalore,MG Road,2024-03-24 15:03:19,12.9756,77.6068,1.5,20,30,4000,30.6,clear sky,2024-03-24T20:33:19
Bangalore,MG Road,2024-03-17 15:03:20,12.9756,77.6068,1.5,20,30,4000,30.68,few clouds,2024-03-17T20:33:20
Bangalore,MG Road,2024-03-10 15:03:21,12.9756,77.6068,1.5,20,30,4000,30.41,few clouds,2024-03-10T20:33:21
Bangalore,MG Road,2024-03-03 15:03:21,12.9756,77.6068,1.5,20,30,4000,25.88,clear sky,2024-03-03T20:33:21
Bangalore,MG Road,2024-02-25 15:03:22,12.9756,77.6068,1.5,20,30,4000,28.88,few clouds,2024-02-25T20:33:22
Bangalore,MG Road,2024-02-18 15:03:23,12.9756,77.6068,1.5,20,30,4000,26.6,few clouds,2024-02-18T20:33:23
Bangalore,MG Road,2024-02-11 15:03:23,12.9756,77.6068,1.5,20,30,4000,23.64,clear sky,2024-02-11T20:33:23
Bangalore,MG Road,2024-02-04 15:03:24,12.9756,77.6068,1.5,20,30,4000,24.07,scattered clouds,2024-02-04T20:33:24
Bangalore,MG Road,2024-01-28 15:03:25,12.9756,77.6068,1.5,20,30,4000,23.15,overcast clouds,2024-01-28T20:33:25
Bangalore,MG Road,2024-01-21 15:03:25,12.9756,77.6068,1.5,20,30,4000,23.63,few clouds,2024-01-21T20:33:25
Bangalore,MG Road,2024-01-14 15:03:26,12.9756,77.6068,1.5,20,30,4000,22.67,clear sky,2024-01-14T20:33:26
Bangalore,MG Road,2024-01-07 15:03:36,12.9756,77.6068,1.5,20,30,4000,22.13,scattered clouds,2024-01-07T20:33:36
Bangalore,MG Road,2023-12-31 15:03:37,12.9756,77.6068,1.5,20,30,4000,21.58,clear sky,2023-12-31T20:33:37
Bangalore,MG Road,2023-12-24 15:03:38,12.9756,77.6068,1.5,20,30,4000,22.06,clear sky,2023-12-24T20:33:38
Bangalore,MG Road,2023-12-17 15:03:39,12.9756,77.6068,1.5,20,30,4000,21.43,few clouds,2023-12-17T20:33:39
Bangalore,MG Road,2023-12-10 15:03:40,12.9756,77.6068,1.5,20,30,4000,22.4,scattered clouds,2023-12-10T20:33:40
Bangalore,MG Road,2023-12-03 15:03:40,12.9756,77.6068,1.5,20,30,4000,21.76,broken clouds,2023-12-03T20:33:40
Mumbai,Colaba,2024-12-01 15:41:41,18.9067,72.8147,4.5,23,23,20700,25.88,broken clouds,2024-12-01T21:11:41
Mumbai,Colaba,2024-11-24 15:41:41,18.9067,72.8147,4.5,23,23,20700,22.96,overcast clouds,2024-11-24T21:11:41
Mumbai,Colaba,2024-11-17 15:41:42,18.9067,72.8147,4.5,23,23,20700,26.24,few clouds,2024-11-17T21:11:42
Mumbai,Colaba,2024-11-10 15:41:42,18.9067,72.8147,4.5,23,23,20700,27.37,clear sky,2024-11-10T21:11:42
Mumbai,Colaba,2024-11-03 15:41:43,18.9067,72.8147,4.5,23,23,20700,28.46,clear sky,2024-11-03T21:11:43
Mumbai,Colaba,2024-10-27 15:41:44,18.9067,72.8147,4.5,23,23,20700,28.86,clear sky,2024-10-27T21:11:44
Mumbai,Colaba,2024-10-20 15:41:44,18.9067,72.8147,4.5,23,23,20700,27.82,overcast clouds,2024-10-20T21:11:44
Mumbai,Colaba,2024-10-13 15:41:45,18.9067,72.8147,4.5,23,23,20700,26.95,moderate rain,2024-10-13T21:11:45
Mumbai,Colaba,2024-10-06 15:41:46,18.9067,72.8147,4.5,23,23,20700,28.17,broken clouds,2024-10-06T21:11:46
Mumbai,Colaba,2024-09-29 15:41:47,18.9067,72.8147,4.5,23,23,20700,27.34,broken clouds,2024-09-29T21:11:47
Mumbai,Colaba,2024-09-22 15:41:48,18.9067,72.8147,4.5,23,23,20700,28.05,broken clouds,2024-09-22T21:11:48
Mumbai,Colaba,2024-09-15 15:41:48,18.9067,72.8147,4.5,23,23,20700,26.15,light rain,2024-09-15T21:11:48
Mumbai,Colaba,2024-09-08 15:41:49,18.9067,72.8147,4.5,23,23,20700,26.7,scattered clouds,2024-09-08T21:11:49
Mumbai,Colaba,2024-09-01 15:41:50,18.9067,72.8147,4.5,23,23,20700,27.68,overcast clouds,2024-09-01T21:11:50
Mumbai,Colaba,2024-08-25 15:41:51,18.9067,72.8147,4.5,23,23,20700,26.43,light rain,2024-08-25T21:11:51
Mumbai,Colaba,2024-08-18 15:41:52,18.9067,72.8147,4.5,23,23,20700,28.33,overcast clouds,2024-08-18T21:11:52
Mumbai,Colaba,2024-08-11 15:41:52,18.9067,72.8147,4.5,23,23,20700,27.4,overcast clouds,2024-08-11T21:11:52
Mumbai,Colaba,2024-08-04 15:41:53,18.9067,72.8147,4.5,23,23,20700,26.34,moderate rain,2024-08-04T21:11:53
Mumbai,Colaba,2024-07-28 15:41:54,18.9067,72.8147,4.5,23,23,20700,27.39,light rain,2024-07-28T21:11:54
Mumbai,Colaba,2024-07-21 15:41:54,18.9067,72.8147,4.5,23,23,20700,27.32,moderate rain,2024-07-21T21:11:54
Mumbai,Colaba,2024-07-14 15:41:55,18.9067,72.8147,4.5,23,23,20700,27.16,moderate rain,2024-07-14T21:11:55
Mumbai,Colaba,2024-07-07 15:41:56,18.9067,72.8147,4.5,23,23,20700,28.25,light rain,2024-07-07T21:11:56
Mumbai,Colaba,2024-06-30 15:41:57,18.9067,72.8147,4.5,23,23,20700,28.22,light rain,2024-06-30T21:11:57
Mumbai,Colaba,2024-06-23 15:41:57,18.9067,72.8147,4.5,23,23,20700,27.47,moderate rain,2024-06-23T21:11:57
Mumbai,Colaba,2024-06-16 15:41:58,18.9067,72.8147,4.5,23,23,20700,28.74,light rain,2024-06-16T21:11:58
Mumbai,Colaba,2024-06-09 15:41:59,18.9067,72.8147,4.5,23,23,20700,30.11,overcast clouds,2024-06-09T21:11:59
Mumbai,Colaba,2024-06-02 15:41:59,18.9067,72.8147,4.5,23,23,20700,30.33,overcast clouds,2024-06-02T21:11:59
Mumbai,Colaba,2024-05-26 15:42:00,18.9067,72.8147,4.5,23,23,20700,29.94,scattered clouds,2024-05-26T21:12:00
Mumbai,Colaba,2024-05-19 15:42:01,18.9067,72.8147,4.5,23,23,20700,29.76,clear sky,2024-05-19T21:12:01
Mumbai,Colaba,2024-05-12 15:42:02,18.9067,72.8147,4.5,23,23,20700,29.02,clear sky,2024-05-12T21:12:02
Mumbai,Colaba,2024-05-05 15:42:03,18.9067,72.8147,4.5,23,23,20700,28.81,clear sky,2024-05-05T21:12:03
Mumbai,Colaba,2024-04-28 15:42:03,18.9067,72.8147,4.5,23,23,20700,31.35,clear sky,2024-04-28T21:12:03
Mumbai,Colaba,2024-04-21 15:42:04,18.9067,72.8147,4.5,23,23,20700,28.81,few clouds,2024-04-21T21:12:04
Mumbai,Colaba,2024-04-14 15:42:05,18.9067,72.8147,4.5,23,23,20700,27.54,clear sky,2024-04-14T21:12:05
Mumbai,Colaba,2024-04-07 15:42:06,18.9067,72.8147,4.5,23,23,20700,27.7,clear sky,2024-04-07T21:12:06
Mumbai,Colaba,2024-03-31 15:42:07,18.9067,72.8147,4.5,23,23,20700,28.07,clear sky,2024-03-31T21:12:07
Mumbai,Colaba,2024-03-24 15:42:08,18.9067,72.8147,4.5,23,23,20700,27.09,scattered clouds,2024-03-24T21:12:08
Mumbai,Colaba,2024-03-17 15:42:09,18.9067,72.8147,4.5,23,23,20700,25.86,clear sky,2024-03-17T21:12:09
Mumbai,Colaba,2024-03-10 15:42:10,18.9067,72.8147,4.5,23,23,20700,26.08,clear sky,2024-03-10T21:12:10
Mumbai,Colaba,2024-03-03 15:42:12,18.9067,72.8147,4.5,23,23,20700,23.34,clear sky,2024-03-03T21:12:12
Mumbai,Colaba,2024-02-25 15:42:13,18.9067,72.8147,4.5,23,23,20700,26.08,clear sky,2024-02-25T21:12:13
Mumbai,Colaba,2024-02-18 15:42:14,18.9067,72.8147,4.5,23,23,20700,25.78,clear sky,2024-02-18T21:12:14
Mumbai,Colaba,2024-02-11 15:42:14,18.9067,72.8147,4.5,23,23,20700,24.23,scattered clouds,2024-02-11T21:12:14
Mumbai,Colaba,2024-02-04 15:42:15,18.9067,72.8147,4.5,23,23,20700,25.96,clear sky,2024-02-04T21:12:15
Mumbai,Colaba,2024-01-28 15:42:16,18.9067,72.8147,4.5,23,23,20700,25.18,overcast clouds,2024-01-28T21:12:16
Mumbai,Colaba,2024-01-21 15:42:17,18.9067,72.8147,4.5,23,23,20700,25.03,broken clouds,2024-01-21T21:12:17
Mumbai,Colaba,2024-01-14 15:42:18,18.9067,72.8147,4.5,23,23,20700,26.41,clear sky,2024-01-14T21:12:18
Mumbai,Colaba,2024-01-07 15:42:18,18.9067,72.8147,4.5,23,23,20700,25.48,scattered clouds,2024-01-07T21:12:18
Mumbai,Colaba,2023-12-31 15:42:19,18.9067,72.8147,4.5,23,23,20700,26.17,clear sky,2023-12-31T21:12:19
Mumbai,Colaba,2023-12-24 15:42:20,18.9067,72.8147,4.5,23,23,20700,26.42,clear sky,2023-12-24T21:12:20
Mumbai,Colaba,2023-12-17 15:42:21,18.9067,72.8147,4.5,23,23,20700,26.1,clear sky,2023-12-17T21:12:21
Mumbai,Colaba,2023-12-10 15:42:22,18.9067,72.8147,4.5,23,23,20700,27.04,clear sky,2023-12-10T21:12:22
Mumbai,Colaba,2023-12-03 15:42:23,18.9067,72.8147,4.5,23,23,20700,27.66,clear sky,2023-12-03T21:12:23
Mumbai,Bandra,2024-12-01 15:42:24,19.0606,72.8375,4.0,23,23,18400,25.94,broken clouds,2024-12-01T21:12:24
Mumbai,Bandra,2024-11-24 15:42:24,19.0606,72.8375,4.0,23,23,18400,23.71,overcast clouds,2024-11-24T21:12:24
Mumbai,Bandra,2024-11-17 15:42:25,19.0606,72.8375,4.0,23,23,18400,26.91,few clouds,2024-11-17T21:12:25
Mumbai,Bandra,2024-11-10 15:42:26,19.0606,72.8375,4.0,23,23,18400,27.49,smoke,2024-11-10T21:12:26
Mumbai,Bandra,2024-11-03 15:42:26,19.0606,72.8375,4.0,23,23,18400,28.45,haze,2024-11-03T21:12:26
Mumbai,Bandra,2024-10-27 15:42:27,19.0606,72.8375,4.0,23,23,18400,29.15,haze,2024-10-27T21:12:27
Mumbai,Bandra,2024-10-20 15:42:27,19.0606,72.8375,4.0,23,23,18400,27.2,thunderstorm,2024-10-20T21:12:27
Mumbai,Bandra,2024-10-13 15:42:28,19.0606,72.8375,4.0,23,23,18400,27.33,thunderstorm with light rain,2024-10-13T21:12:28
Mumbai,Bandra,2024-10-06 15:42:29,19.0606,72.8375,4.0,23,23,18400,28.68,broken clouds,2024-10-06T21:12:29
Mumbai,Bandra,2024-09-29 15:42:30,19.0606,72.8375,4.0,23,23,18400,27.39,mist,2024-09-29T21:12:30
Mumbai,Bandra,2024-09-22 15:42:31,19.0606,72.8375,4.0,23,23,18400,28.28,broken clouds,2024-09-22T21:12:31
Mumbai,Bandra,2024-09-15 15:42:32,19.0606,72.8375,4.0,23,23,18400,26.59,mist,2024-09-15T21:12:32
Mumbai,Bandra,2024-09-08 15:42:33,19.0606,72.8375,4.0,23,23,18400,27.29,haze,2024-09-08T21:12:33
Mumbai,Bandra,2024-09-01 15:42:33,19.0606,72.8375,4.0,23,23,18400,28.06,light intensity drizzle,2024-09-01T21:12:33
Mumbai,Bandra,2024-08-25 15:42:34,19.0606,72.8375,4.0,23,23,18400,26.87,mist,2024-08-25T21:12:34
Mumbai,Bandra,2024-08-18 15:42:35,19.0606,72.8375,4.0,23,23,18400,28.79,haze,2024-08-18T21:12:35
Mumbai,Bandra,2024-08-11 15:42:36,19.0606,72.8375,4.0,23,23,18400,27.66,haze,2024-08-11T21:12:36
Mumbai,Bandra,2024-08-04 15:42:37,19.0606,72.8375,4.0,23,23,18400,26.57,mist,2024-08-04T21:12:37
Mumbai,Bandra,2024-07-28 15:42:37,19.0606,72.8375,4.0,23,23,18400,27.24,haze,2024-07-28T21:12:37
Mumbai,Bandra,2024-07-21 15:42:38,19.0606,72.8375,4.0,23,23,18400,27.43,moderate rain,2024-07-21T21:12:38
Mumbai,Bandra,2024-07-14 15:42:39,19.0606,72.8375,4.0,23,23,18400,27.5,haze,2024-07-14T21:12:39
Mumbai,Bandra,2024-07-07 15:42:40,19.0606,72.8375,4.0,23,23,18400,28.92,light rain,2024-07-07T21:12:40
Mumbai,Bandra,2024-06-30 15:42:40,19.0606,72.8375,4.0,23,23,18400,28.52,mist,2024-06-30T21:12:40
Mumbai,Bandra,2024-06-23 15:42:41,19.0606,72.8375,4.0,23,23,18400,27.62,drizzle,2024-06-23T21:12:41
Mumbai,Bandra,2024-06-16 15:42:42,19.0606,72.8375,4.0,23,23,18400,29.37,haze,2024-06-16T21:12:42
Mumbai,Bandra,2024-06-09 15:42:43,19.0606,72.8375,4.0,23,23,18400,29.82,moderate rain,2024-06-09T21:12:43
Mumbai,Bandra,2024-06-02 15:42:44,19.0606,72.8375,4.0,23,23,18400,30.88,haze,2024-06-02T21:12:44
Mumbai,Bandra,2024-05-26 15:42:45,19.0606,72.8375,4.0,23,23,18400,30.66,mist,2024-05-26T21:12:45
Mumbai,Bandra,2024-05-19 15:42:45,19.0606,72.8375,4.0,23,23,18400,30.31,mist,2024-05-19T21:12:45
Mumbai,Bandra,2024-05-12 15:42:46,19.0606,72.8375,4.0,23,23,18400,29.5,haze,2024-05-12T21:12:46
Mumbai,Bandra,2024-05-05 15:42:47,19.0606,72.8375,4.0,23,23,18400,29.51,haze,2024-05-05T21:12:47
Mumbai,Bandra,2024-04-28 15:42:48,19.0606,72.8375,4.0,23,23,18400,32.36,smoke,2024-04-28T21:12:48
Mumbai,Bandra,2024-04-21 15:42:48,19.0606,72.8375,4.0,23,23,18400,29.36,smoke,2024-04-21T21:12:48
Mumbai,Bandra,2024-04-14 15:42:49,19.0606,72.8375,4.0,23,23,18400,28.21,mist,2024-04-14T21:12:49
Mumbai,Bandra,2024-04-07 15:42:50,19.0606,72.8375,4.0,23,23,18400,27.73,haze,2024-04-07T21:12:50
Mumbai,Bandra,2024-03-31 15:42:51,19.0606,72.8375,4.0,23,23,18400,28.85,smoke,2024-03-31T21:12:51
Mumbai,Bandra,2024-03-24 15:42:52,19.0606,72.8375,4.0,23,23,18400,27.71,haze,2024-03-24T21:12:52
Mumbai,Bandra,2024-03-17 15:42:53,19.0606,72.8375,4.0,23,23,18400,26.15,haze,2024-03-17T21:12:53
Mumbai,Bandra,2024-03-10 15:42:53,19.0606,72.8375,4.0,23,23,18400,26.31,clear sky,2024-03-10T21:12:53
Mumbai,Bandra,2024-03-03 15:42:54,19.0606,72.8375,4.0,23,23,18400,23.59,haze,2024-03-03T21:12:54
Mumbai,Bandra,2024-02-25 15:42:55,19.0606,72.8375,4.0,23,23,18400,26.57,smoke,2024-02-25T21:12:55
Mumbai,Bandra,2024-02-18 15:42:56,19.0606,72.8375,4.0,23,23,18400,26.95,haze,2024-02-18T21:12:56
Mumbai,Bandra,2024-02-11 15:42:57,19.0606,72.8375,4.0,23,23,18400,24.51,smoke,2024-02-11T21:12:57
Mumbai,Bandra,2024-02-04 15:42:58,19.0606,72.8375,4.0,23,23,18400,26.45,clear sky,2024-02-04T21:12:58
Mumbai,Bandra,2024-01-28 15:42:58,19.0606,72.8375,4.0,23,23,18400,25.18,overcast clouds,2024-01-28T21:12:58
Mumbai,Bandra,2024-01-21 15:42:59,19.0606,72.8375,4.0,23,23,18400,24.77,broken clouds,2024-01-21T21:12:59
Mumbai,Bandra,2024-01-14 15:43:00,19.0606,72.8375,4.0,23,23,18400,26.73,clear sky,2024-01-14T21:13:00
Mumbai,Bandra,2024-01-07 15:43:01,19.0606,72.8375,4.0,23,23,18400,25.26,scattered clouds,2024-01-07T21:13:01
Mumbai,Bandra,2023-12-31 15:43:02,19.0606,72.8375,4.0,23,23,18400,25.56,clear sky,2023-12-31T21:13:02
Mumbai,Bandra,2023-12-24 15:43:03,19.0606,72.8375,4.0,23,23,18400,25.72,clear sky,2023-12-24T21:13:03
Mumbai,Bandra,2023-12-17 15:43:04,19.0606,72.8375,4.0,23,23,18400,26.02,clear sky,2023-12-17T21:13:04
Mumbai,Bandra,2023-12-10 15:43:04,19.0606,72.8375,4.0,23,23,18400,27.46,smoke,2023-12-10T21:13:04
Mumbai,Bandra,2023-12-03 15:43:06,19.0606,72.8375,4.0,23,23,18400,27.69,clear sky,2023-12-03T21:13:06
Mumbai,Andheri,2024-12-01 15:43:07,19.1197,72.8467,3.5,18,22,10309,25.83,broken clouds,2024-12-01T21:13:07
Mumbai,Andheri,2024-11-24 15:43:07,19.1197,72.8467,3.5,18,22,10309,23.66,overcast clouds,2024-11-24T21:13:07
Mumbai,Andheri,2024-11-17 15:43:08,19.1197,72.8467,3.5,18,22,10309,26.86,few clouds,2024-11-17T21:13:08
Mumbai,Andheri,2024-11-10 15:43:10,19.1197,72.8467,3.5,18,22,10309,27.43,smoke,2024-11-10T21:13:10
Mumbai,Andheri,2024-11-03 15:43:11,19.1197,72.8467,3.5,18,22,10309,28.4,haze,2024-11-03T21:13:11
Mumbai,Andheri,2024-10-27 15:43:11,19.1197,72.8467,3.5,18,22,10309,29.09,haze,2024-10-27T21:13:11
Mumbai,Andheri,2024-10-20 15:43:12,19.1197,72.8467,3.5,18,22,10309,27.17,thunderstorm,2024-10-20T21:13:12
Mumbai,Andheri,2024-10-13 15:43:13,19.1197,72.8467,3.5,18,22,10309,27.29,thunderstorm with light rain,2024-10-13T21:13:13
Mumbai,Andheri,2024-10-06 15:43:14,19.1197,72.8467,3.5,18,22,10309,28.64,broken clouds,2024-10-06T21:13:14
Mumbai,Andheri,2024-09-29 15:43:15,19.1197,72.8467,3.5,18,22,10309,27.35,mist,2024-09-29T21:13:15
Mumbai,Andheri,2024-09-22 15:43:16,19.1197,72.8467,3.5,19,23,10987,28.24,broken clouds,2024-09-22T21:13:16
Mumbai,Andheri,2024-09-15 15:43:17,19.1197,72.8467,3.5,19,23,10987,26.54,mist,2024-09-15T21:13:17
Mumbai,Andheri,2024-09-08 15:43:18,19.1197,72.8467,3.5,19,23,10987,27.23,haze,2024-09-08T21:13:18
Mumbai,Andheri,2024-09-01 15:43:18,19.1197,72.8467,3.5,19,23,10987,28.02,light intensity drizzle,2024-09-01T21:13:18
Mumbai,Andheri,2024-08-25 15:43:19,19.1197,72.8467,3.5,19,23,10987,26.82,mist,2024-08-25T21:13:19
Mumbai,Andheri,2024-08-18 15:43:20,19.1197,72.8467,3.5,19,23,10987,28.74,haze,2024-08-18T21:13:20
Mumbai,Andheri,2024-08-11 15:43:22,19.1197,72.8467,3.5,19,23,10987,27.61,haze,2024-08-11T21:13:22
Mumbai,Andheri,2024-08-04 15:43:23,19.1197,72.8467,3.5,19,23,10987,26.52,mist,2024-08-04T21:13:23
Mumbai,Andheri,2024-07-28 15:43:23,19.1197,72.8467,3.5,19,23,10987,27.19,haze,2024-07-28T21:13:23
Mumbai,Andheri,2024-07-21 15:43:24,19.1197,72.8467,3.5,19,23,10987,27.39,moderate rain,2024-07-21T21:13:24
Mumbai,Andheri,2024-07-14 15:43:25,19.1197,72.8467,3.5,19,23,10987,27.45,haze,2024-07-14T21:13:25
Mumbai,Andheri,2024-07-07 15:43:26,19.1197,72.8467,3.5,19,23,10987,28.87,light rain,2024-07-07T21:13:26
Mumbai,Andheri,2024-06-30 15:43:27,19.1197,72.8467,3.5,19,23,10987,28.47,mist,2024-06-30T21:13:27
Mumbai,Andheri,2024-06-23 15:43:29,19.1197,72.8467,3.5,19,23,10987,27.56,drizzle,2024-06-23T21:13:29
Mumbai,Andheri,2024-06-16 15:43:30,19.1197,72.8467,3.5,19,23,10987,29.32,haze,2024-06-16T21:13:30
Mumbai,Andheri,2024-06-09 15:43:31,19.1197,72.8467,3.5,19,23,10987,29.8,moderate rain,2024-06-09T21:13:31
Mumbai,Andheri,2024-06-02 15:43:32,19.1197,72.8467,3.5,19,23,10987,30.84,haze,2024-06-02T21:13:32
Mumbai,Andheri,2024-05-26 15:43:33,19.1197,72.8467,3.5,19,23,10987,30.61,mist,2024-05-26T21:13:33
Mumbai,Andheri,2024-05-19 15:43:34,19.1197,72.8467,3.5,19,23,10987,30.26,mist,2024-05-19T21:13:34
Mumbai,Andheri,2024-05-12 15:43:35,19.1197,72.8467,3.5,19,23,10987,29.45,haze,2024-05-12T21:13:35
Mumbai,Andheri,2024-05-05 15:43:35,19.1197,72.8467,3.5,19,23,10987,29.46,haze,2024-05-05T21:13:35
Mumbai,Andheri,2024-04-28 15:43:36,19.1197,72.8467,3.5,19,23,10987,32.29,smoke,2024-04-28T21:13:36
Mumbai,Andheri,2024-04-21 15:43:37,19.1197,72.8467,3.5,19,23,10987,29.31,smoke,2024-04-21T21:13:37
Mumbai,Andheri,2024-04-14 15:43:38,19.1197,72.8467,3.5,19,23,10987,28.16,mist,2024-04-14T21:13:38
Mumbai,Andheri,2024-04-07 15:43:39,19.1197,72.8467,3.5,19,23,10987,27.69,haze,2024-04-07T21:13:39
Mumbai,Andheri,2024-03-31 15:43:40,19.1197,72.8467,3.5,19,23,10987,28.79,smoke,2024-03-31T21:13:40
Mumbai,Andheri,2024-03-24 15:43:41,19.1197,72.8467,3.5,19,23,10987,27.66,haze,2024-03-24T21:13:41
Mumbai,Andheri,2024-03-17 15:43:42,19.1197,72.8467,3.5,19,23,10987,26.09,haze,2024-03-17T21:13:42
Mumbai,Andheri,2024-03-10 15:43:43,19.1197,72.8467,3.5,19,23,10987,26.27,clear sky,2024-03-10T21:13:43
Mumbai,Andheri,2024-03-03 15:43:44,19.1197,72.8467,3.5,19,23,10987,23.54,haze,2024-03-03T21:13:44
Mumbai,Andheri,2024-02-25 15:43:45,19.1197,72.8467,3.5,19,23,10987,26.52,smoke,2024-02-25T21:13:45
Mumbai,Andheri,2024-02-18 15:43:46,19.1197,72.8467,3.5,19,23,10987,26.9,haze,2024-02-18T21:13:46
Mumbai,Andheri,2024-02-11 15:43:47,19.1197,72.8467,3.5,19,23,10987,24.46,smoke,2024-02-11T21:13:47
Mumbai,Andheri,2024-02-04 15:43:48,19.1197,72.8467,3.5,19,23,10987,26.41,clear sky,2024-02-04T21:13:48
Mumbai,Andheri,2024-01-28 15:43:49,19.1197,72.8467,3.5,19,23,10987,25.14,overcast clouds,2024-01-28T21:13:49
Mumbai,Andheri,2024-01-21 15:43:50,19.1197,72.8467,3.5,19,23,10987,24.73,broken clouds,2024-01-21T21:13:50
Mumbai,Andheri,2024-01-14 15:43:51,19.1197,72.8467,3.5,19,23,10987,26.68,clear sky,2024-01-14T21:13:51
Mumbai,Andheri,2024-01-07 15:43:52,19.1197,72.8467,3.5,19,23,10987,25.21,scattered clouds,2024-01-07T21:13:52
Mumbai,Andheri,2023-12-31 15:43:53,19.1197,72.8467,3.5,19,23,10987,25.51,clear sky,2023-12-31T21:13:53
Mumbai,Andheri,2023-12-24 15:43:54,19.1197,72.8467,3.5,19,23,10987,25.68,clear sky,2023-12-24T21:13:54
Mumbai,Andheri,2023-12-17 15:43:55,19.1197,72.8467,3.5,19,23,10987,25.97,clear sky,2023-12-17T21:13:55
Mumbai,Andheri,2023-12-10 15:43:56,19.1197,72.8467,3.5,19,23,10987,27.4,smoke,2023-12-10T21:13:56
Mumbai,Andheri,2023-12-03 15:43:57,19.1197,72.8467,3.5,19,23,10987,27.65,clear sky,2023-12-03T21:13:57
Delhi,Connaught Place,2024-12-01 15:44:43,28.6315,77.2167,4.5,16,24,9600,22.13,clear sky,2024-12-01T21:14:43
Delhi,Connaught Place,2024-11-24 15:44:44,28.6315,77.2167,4.5,16,24,9600,21.43,haze,2024-11-24T21:14:44
Delhi,Connaught Place,2024-11-17 15:44:45,28.6315,77.2167,4.5,16,24,9600,22.23,clear sky,2024-11-17T21:14:45
Delhi,Connaught Place,2024-11-10 15:44:46,28.6315,77.2167,4.5,17,25,10404,23.27,haze,2024-11-10T21:14:46
Delhi,Connaught Place,2024-11-03 15:44:47,28.6315,77.2167,4.5,17,25,10404,21.24,clear sky,2024-11-03T21:14:47
Delhi,Connaught Place,2024-10-27 15:44:48,28.6315,77.2167,4.5,17,25,10404,24.37,clear sky,2024-10-27T21:14:48
Delhi,Connaught Place,2024-10-20 15:44:48,28.6315,77.2167,4.5,17,25,10404,24.32,clear sky,2024-10-20T21:14:48
Delhi,Connaught Place,2024-10-13 15:44:49,28.6315,77.2167,4.5,17,25,10404,26.21,haze,2024-10-13T21:14:49
Delhi,Connaught Place,2024-10-06 15:44:49,28.6315,77.2167,4.5,17,25,10404,27.41,clear sky,2024-10-06T21:14:49
Delhi,Connaught Place,2024-09-29 15:44:50,28.6315,77.2167,4.5,17,25,10404,27.39,overcast clouds,2024-09-29T21:14:50
Delhi,Connaught Place,2024-09-22 15:44:51,28.6315,77.2167,4.5,17,25,10404,30.11,haze,2024-09-22T21:14:51
Delhi,Connaught Place,2024-09-15 15:44:52,28.6315,77.2167,4.5,17,25,10404,27.98,mist,2024-09-15T21:14:52
Delhi,Connaught Place,2024-09-08 15:44:53,28.6315,77.2167,4.5,17,25,10404,28.4,overcast clouds,2024-09-08T21:14:53
Delhi,Connaught Place,2024-09-01 15:44:54,28.6315,77.2167,4.5,17,25,10404,30.63,light rain,2024-09-01T21:14:54
Delhi,Connaught Place,2024-08-25 15:44:54,28.6315,77.2167,4.5,17,25,10404,30.24,haze,2024-08-25T21:14:54
Delhi,Connaught Place,2024-08-18 15:44:55,28.6315,77.2167,4.5,17,25,10404,30.28,mist,2024-08-18T21:14:55
Delhi,Connaught Place,2024-08-11 15:44:55,28.6315,77.2167,4.5,17,25,10404,26.81,mist,2024-08-11T21:14:55
Delhi,Connaught Place,2024-08-04 15:44:56,28.6315,77.2167,4.5,17,25,10404,30.15,overcast clouds,2024-08-04T21:14:56
Delhi,Connaught Place,2024-07-28 15:44:57,28.6315,77.2167,4.5,17,25,10404,32.74,haze,2024-07-28T21:14:57
Delhi,Connaught Place,2024-07-21 15:44:57,28.6315,77.2167,4.5,17,25,10404,32.16,haze,2024-07-21T21:14:57
Delhi,Connaught Place,2024-07-14 15:44:58,28.6315,77.2167,4.5,17,25,10404,32.25,haze,2024-07-14T21:14:58
Delhi,Connaught Place,2024-07-07 15:44:59,28.6315,77.2167,4.5,17,25,10404,29.1,haze,2024-07-07T21:14:59
Delhi,Connaught Place,2024-06-30 15:44:59,28.6315,77.2167,4.5,17,25,10404,32.56,mist,2024-06-30T21:14:59
Delhi,Connaught Place,2024-06-23 15:45:00,28.6315,77.2167,4.5,17,25,10404,33.74,haze,2024-06-23T21:15:00
Delhi,Connaught Place,2024-06-16 15:45:01,28.6315,77.2167,4.5,17,25,10404,39.85,haze,2024-06-16T21:15:01
Delhi,Connaught Place,2024-06-09 15:45:02,28.6315,77.2167,4.5,17,25,10404,34.51,clear sky,2024-06-09T21:15:02
Delhi,Connaught Place,2024-06-02 15:45:03,28.6315,77.2167,4.5,17,25,10404,35.34,haze,2024-06-02T21:15:03
Delhi,Connaught Place,2024-05-26 15:45:04,28.6315,77.2167,4.5,17,25,10404,38.28,clear sky,2024-05-26T21:15:04
Delhi,Connaught Place,2024-05-19 15:45:04,28.6315,77.2167,4.5,17,25,10404,36.5,haze,2024-05-19T21:15:04
Delhi,Connaught Place,2024-05-12 15:45:05,28.6315,77.2167,4.5,17,25,10404,33.19,haze,2024-05-12T21:15:05
Delhi,Connaught Place,2024-05-05 15:45:06,28.6315,77.2167,4.5,17,25,10404,33.28,haze,2024-05-05T21:15:06
Delhi,Connaught Place,2024-04-28 15:45:07,28.6315,77.2167,4.5,17,25,10404,31.03,haze,2024-04-28T21:15:07
Delhi,Connaught Place,2024-04-21 15:45:07,28.6315,77.2167,4.5,17,25,10404,29.95,haze,2024-04-21T21:15:07
Delhi,Connaught Place,2024-04-14 15:45:08,28.6315,77.2167,4.5,17,25,10404,27.14,haze,2024-04-14T21:15:08
Delhi,Connaught Place,2024-04-07 15:45:08,28.6315,77.2167,4.5,17,25,10404,26.88,haze,2024-04-07T21:15:08
Delhi,Connaught Place,2024-03-31 15:45:09,28.6315,77.2167,4.5,17,25,10404,27.73,haze,2024-03-31T21:15:09
Delhi,Connaught Place,2024-03-24 15:45:10,28.6315,77.2167,4.5,17,25,10404,22.84,haze,2024-03-24T21:15:10
Delhi,Connaught Place,2024-03-17 15:45:11,28.6315,77.2167,4.5,17,25,10404,21.16,haze,2024-03-17T21:15:11
Delhi,Connaught Place,2024-03-10 15:45:12,28.6315,77.2167,4.5,17,25,10404,20.36,haze,2024-03-10T21:15:12
Delhi,Connaught Place,2024-03-03 15:45:13,28.6315,77.2167,4.5,17,25,10404,17.11,thunderstorm,2024-03-03T21:15:13
Delhi,Connaught Place,2024-02-25 15:45:14,28.6315,77.2167,4.5,16,24,9600,16.83,haze,2024-02-25T21:15:14
Delhi,Connaught Place,2024-02-18 15:45:14,28.6315,77.2167,4.5,16,24,9600,19.92,haze,2024-02-18T21:15:14
Delhi,Connaught Place,2024-02-11 15:45:15,28.6315,77.2167,4.5,16,24,9600,14.45,clear sky,2024-02-11T21:15:15
Delhi,Connaught Place,2024-02-04 15:45:16,28.6315,77.2167,4.5,16,24,9600,16.41,mist,2024-02-04T21:15:16
Delhi,Connaught Place,2024-01-28 15:45:16,28.6315,77.2167,4.5,16,24,9600,13.4,fog,2024-01-28T21:15:16
Delhi,Connaught Place,2024-01-21 15:45:17,28.6315,77.2167,4.5,16,24,9600,9.38,mist,2024-01-21T21:15:17
Delhi,Connaught Place,2024-01-14 15:45:18,28.6315,77.2167,4.5,16,24,9600,8.83,clear sky,2024-01-14T21:15:18
Delhi,Connaught Place,2024-01-07 15:45:19,28.6315,77.2167,4.5,16,24,9600,10.53,mist,2024-01-07T21:15:19
Delhi,Connaught Place,2023-12-31 15:45:19,28.6315,77.2167,4.5,16,24,9600,11.26,mist,2023-12-31T21:15:19
Delhi,Connaught Place,2023-12-24 15:45:20,28.6315,77.2167,4.5,16,24,9600,14.78,mist,2023-12-24T21:15:20
Delhi,Connaught Place,2023-12-17 15:45:21,28.6315,77.2167,4.5,16,24,9600,13.43,clear sky,2023-12-17T21:15:21
Delhi,Connaught Place,2023-12-10 15:45:22,28.6315,77.2167,4.5,16,24,9600,14.16,haze,2023-12-10T21:15:22
Delhi,Connaught Place,2023-12-03 15:45:23,28.6315,77.2167,4.5,16,24,9600,18.38,haze,2023-12-03T21:15:23
Delhi,Saket,2024-12-01 15:45:23,28.5245,77.2103,4.0,18,23,11270,22.35,clear sky,2024-12-01T21:15:23
Delhi,Saket,2024-11-24 15:45:24,28.5245,77.2103,4.0,18,23,11270,21.35,haze,2024-11-24T21:15:24
Delhi,Saket,2024-11-17 15:45:25,28.5245,77.2103,4.0,18,23,11270,22.16,clear sky,2024-11-17T21:15:25
Delhi,Saket,2024-11-10 15:45:25,28.5245,77.2103,4.0,18,23,11270,23.22,haze,2024-11-10T21:15:25
Delhi,Saket,2024-11-03 15:45:26,28.5245,77.2103,4.0,18,23,11270,21.16,clear sky,2024-11-03T21:15:26
Delhi,Saket,2024-10-27 15:45:27,28.5245,77.2103,4.0,18,23,11270,24.29,clear sky,2024-10-27T21:15:27
Delhi,Saket,2024-10-20 15:45:27,28.5245,77.2103,4.0,18,23,11270,24.24,clear sky,2024-10-20T21:15:27
Delhi,Saket,2024-10-13 15:45:28,28.5245,77.2103,4.0,18,23,11270,26.07,haze,2024-10-13T21:15:28
Delhi,Saket,2024-10-06 15:45:29,28.5245,77.2103,4.0,18,23,11270,27.34,clear sky,2024-10-06T21:15:29
Delhi,Saket,2024-09-29 15:45:30,28.5245,77.2103,4.0,18,23,11270,27.31,overcast clouds,2024-09-29T21:15:30
Delhi,Saket,2024-09-22 15:45:31,28.5245,77.2103,4.0,18,23,11270,30.07,haze,2024-09-22T21:15:31
Delhi,Saket,2024-09-15 15:45:31,28.5245,77.2103,4.0,18,23,11270,27.95,mist,2024-09-15T21:15:31
Delhi,Saket,2024-09-08 15:45:32,28.5245,77.2103,4.0,18,23,11270,28.32,overcast clouds,2024-09-08T21:15:32
Delhi,Saket,2024-09-01 15:45:33,28.5245,77.2103,4.0,18,23,11270,30.55,light rain,2024-09-01T21:15:33
Delhi,Saket,2024-08-25 15:45:35,28.5245,77.2103,4.0,18,23,11270,30.19,haze,2024-08-25T21:15:35
Delhi,Saket,2024-08-18 15:45:35,28.5245,77.2103,4.0,18,23,11270,30.24,mist,2024-08-18T21:15:35
Delhi,Saket,2024-08-11 15:45:37,28.5245,77.2103,4.0,18,23,11270,26.74,light rain,2024-08-11T21:15:37
Delhi,Saket,2024-08-04 15:45:38,28.5245,77.2103,4.0,18,23,11270,30.08,overcast clouds,2024-08-04T21:15:38
Delhi,Saket,2024-07-28 15:45:39,28.5245,77.2103,4.0,18,23,11270,32.68,haze,2024-07-28T21:15:39
Delhi,Saket,2024-07-21 15:45:39,28.5245,77.2103,4.0,18,23,11270,32.08,haze,2024-07-21T21:15:39
Delhi,Saket,2024-07-14 15:45:40,28.5245,77.2103,4.0,18,23,11270,32.21,haze,2024-07-14T21:15:40
Delhi,Saket,2024-07-07 15:45:40,28.5245,77.2103,4.0,18,23,11270,29.02,haze,2024-07-07T21:15:40
Delhi,Saket,2024-06-30 15:45:41,28.5245,77.2103,4.0,18,23,11270,32.39,mist,2024-06-30T21:15:41
Delhi,Saket,2024-06-23 15:45:42,28.5245,77.2103,4.0,18,23,11270,33.68,haze,2024-06-23T21:15:42
Delhi,Saket,2024-06-16 15:45:42,28.5245,77.2103,4.0,18,23,11270,39.78,haze,2024-06-16T21:15:42
Delhi,Saket,2024-06-09 15:45:43,28.5245,77.2103,4.0,18,23,11270,34.52,clear sky,2024-06-09T21:15:43
Delhi,Saket,2024-06-02 15:45:44,28.5245,77.2103,4.0,18,23,11270,35.3,haze,2024-06-02T21:15:44
Delhi,Saket,2024-05-26 15:45:45,28.5245,77.2103,4.0,18,23,11270,38.2,clear sky,2024-05-26T21:15:45
Delhi,Saket,2024-05-19 15:45:45,28.5245,77.2103,4.0,18,23,11270,36.49,haze,2024-05-19T21:15:45
Delhi,Saket,2024-05-12 15:45:46,28.5245,77.2103,4.0,18,23,11270,33.17,haze,2024-05-12T21:15:46
Delhi,Saket,2024-05-05 15:45:47,28.5245,77.2103,4.0,18,23,11270,33.34,haze,2024-05-05T21:15:47
Delhi,Saket,2024-04-28 15:45:47,28.5245,77.2103,4.0,18,23,11270,31.1,haze,2024-04-28T21:15:47
Delhi,Saket,2024-04-21 15:45:48,28.5245,77.2103,4.0,18,23,11270,29.94,haze,2024-04-21T21:15:48
Delhi,Saket,2024-04-14 15:45:49,28.5245,77.2103,4.0,18,23,11270,27.01,haze,2024-04-14T21:15:49
Delhi,Saket,2024-04-07 15:45:50,28.5245,77.2103,4.0,18,23,11270,26.96,haze,2024-04-07T21:15:50
Delhi,Saket,2024-03-31 15:45:51,28.5245,77.2103,4.0,18,23,11270,27.66,haze,2024-03-31T21:15:51
Delhi,Saket,2024-03-24 15:45:51,28.5245,77.2103,4.0,18,23,11270,22.81,haze,2024-03-24T21:15:51
Delhi,Saket,2024-03-17 15:45:52,28.5245,77.2103,4.0,18,23,11270,21.12,haze,2024-03-17T21:15:52
Delhi,Saket,2024-03-10 15:45:52,28.5245,77.2103,4.0,18,23,11270,20.4,haze,2024-03-10T21:15:52
Delhi,Saket,2024-03-03 15:45:53,28.5245,77.2103,4.0,18,23,11270,17.17,thunderstorm,2024-03-03T21:15:53
Delhi,Saket,2024-02-25 15:45:53,28.5245,77.2103,4.0,18,23,11270,16.84,haze,2024-02-25T21:15:53
Delhi,Saket,2024-02-18 15:45:54,28.5245,77.2103,4.0,18,23,11270,19.86,haze,2024-02-18T21:15:54
Delhi,Saket,2024-02-11 15:45:55,28.5245,77.2103,4.0,18,23,11270,14.47,clear sky,2024-02-11T21:15:55
Delhi,Saket,2024-02-04 15:45:56,28.5245,77.2103,4.0,18,23,11270,16.32,mist,2024-02-04T21:15:56
Delhi,Saket,2024-01-28 15:45:56,28.5245,77.2103,4.0,18,23,11270,13.26,fog,2024-01-28T21:15:56
Delhi,Saket,2024-01-21 15:45:57,28.5245,77.2103,4.0,18,23,11270,9.29,mist,2024-01-21T21:15:57
Delhi,Saket,2024-01-14 15:45:58,28.5245,77.2103,4.0,18,23,11270,8.75,clear sky,2024-01-14T21:15:58
Delhi,Saket,2024-01-07 15:45:58,28.5245,77.2103,4.0,18,23,11270,10.47,mist,2024-01-07T21:15:58
Delhi,Saket,2023-12-31 15:45:59,28.5245,77.2103,4.0,18,23,11270,11.21,mist,2023-12-31T21:15:59
Delhi,Saket,2023-12-24 15:46:00,28.5245,77.2103,4.0,18,23,11270,14.75,mist,2023-12-24T21:16:00
Delhi,Saket,2023-12-17 15:46:00,28.5245,77.2103,4.0,18,23,11270,13.36,clear sky,2023-12-17T21:16:00
Delhi,Saket,2023-12-10 15:46:01,28.5245,77.2103,4.0,18,23,11270,14.12,haze,2023-12-10T21:16:01
Delhi,Saket,2023-12-03 15:46:02,28.5245,77.2103,4.0,18,23,11270,18.33,haze,2023-12-03T21:16:02
Delhi,Karol Bagh,2024-12-01 15:46:03,28.6514,77.1901,3.5,25,33,13258,21.86,clear sky,2024-12-01T21:16:03
Delhi,Karol Bagh,2024-11-24 15:46:03,28.6514,77.1901,3.5,25,33,13258,21.34,haze,2024-11-24T21:16:03
Delhi,Karol Bagh,2024-11-17 15:46:04,28.6514,77.1901,3.5,25,33,13258,22.15,clear sky,2024-11-17T21:16:04
Delhi,Karol Bagh,2024-11-10 15:46:05,28.6514,77.1901,3.5,25,33,13258,23.19,haze,2024-11-10T21:16:05
Delhi,Karol Bagh,2024-11-03 15:46:06,28.6514,77.1901,3.5,25,33,13258,21.15,clear sky,2024-11-03T21:16:06
Delhi,Karol Bagh,2024-10-27 15:46:06,28.6514,77.1901,3.5,25,33,13258,24.28,clear sky,2024-10-27T21:16:06
Delhi,Karol Bagh,2024-10-20 15:46:07,28.6514,77.1901,3.5,25,33,13258,24.24,clear sky,2024-10-20T21:16:07
Delhi,Karol Bagh,2024-10-13 15:46:07,28.6514,77.1901,3.5,25,33,13258,26.07,haze,2024-10-13T21:16:07
Delhi,Karol Bagh,2024-10-06 15:46:08,28.6514,77.1901,3.5,25,33,13258,27.33,clear sky,2024-10-06T21:16:08
Delhi,Karol Bagh,2024-09-29 15:46:09,28.6514,77.1901,3.5,25,33,13258,27.3,overcast clouds,2024-09-29T21:16:09
Delhi,Karol Bagh,2024-09-22 15:46:10,28.6514,77.1901,3.5,25,33,13258,30.03,haze,2024-09-22T21:16:10
Delhi,Karol Bagh,2024-09-15 15:46:11,28.6514,77.1901,3.5,25,33,13258,27.9,mist,2024-09-15T21:16:11
Delhi,Karol Bagh,2024-09-08 15:46:11,28.6514,77.1901,3.5,25,33,13258,28.31,overcast clouds,2024-09-08T21:16:11
Delhi,Karol Bagh,2024-09-01 15:46:12,28.6514,77.1901,3.5,25,33,13258,30.54,light rain,2024-09-01T21:16:12
Delhi,Karol Bagh,2024-08-25 15:46:13,28.6514,77.1901,3.5,25,33,13258,30.15,haze,2024-08-25T21:16:13
Delhi,Karol Bagh,2024-08-18 15:46:14,28.6514,77.1901,3.5,25,33,13258,30.2,mist,2024-08-18T21:16:14
Delhi,Karol Bagh,2024-08-11 15:46:15,28.6514,77.1901,3.5,25,33,13258,26.72,light rain,2024-08-11T21:16:15
Delhi,Karol Bagh,2024-08-04 15:46:15,28.6514,77.1901,3.5,25,33,13258,30.07,overcast clouds,2024-08-04T21:16:15
Delhi,Karol Bagh,2024-07-28 15:46:16,28.6514,77.1901,3.5,24,33,12218,32.66,haze,2024-07-28T21:16:16
Delhi,Karol Bagh,2024-07-21 15:46:17,28.6514,77.1901,3.5,24,33,12218,32.08,haze,2024-07-21T21:16:17
Delhi,Karol Bagh,2024-07-14 15:46:18,28.6514,77.1901,3.5,24,33,12218,32.17,haze,2024-07-14T21:16:18
Delhi,Karol Bagh,2024-07-07 15:46:19,28.6514,77.1901,3.5,24,33,12218,29.02,haze,2024-07-07T21:16:19
Delhi,Karol Bagh,2024-06-30 15:46:20,28.6514,77.1901,3.5,24,33,12218,32.4,mist,2024-06-30T21:16:20
Delhi,Karol Bagh,2024-06-23 15:46:21,28.6514,77.1901,3.5,24,33,12218,33.66,haze,2024-06-23T21:16:21
Delhi,Karol Bagh,2024-06-16 15:46:22,28.6514,77.1901,3.5,24,33,12218,39.77,haze,2024-06-16T21:16:22
Delhi,Karol Bagh,2024-06-09 15:46:22,28.6514,77.1901,3.5,24,33,12218,34.42,clear sky,2024-06-09T21:16:22
Delhi,Karol Bagh,2024-06-02 15:46:23,28.6514,77.1901,3.5,24,33,12218,35.26,haze,2024-06-02T21:16:23
Delhi,Karol Bagh,2024-05-26 15:46:24,28.6514,77.1901,3.5,24,33,12218,38.2,clear sky,2024-05-26T21:16:24
Delhi,Karol Bagh,2024-05-19 15:46:25,28.6514,77.1901,3.5,24,33,12218,36.42,haze,2024-05-19T21:16:25
Delhi,Karol Bagh,2024-05-12 15:46:26,28.6514,77.1901,3.5,24,33,12218,33.1,haze,2024-05-12T21:16:26
Delhi,Karol Bagh,2024-05-05 15:46:27,28.6514,77.1901,3.5,24,33,12218,33.2,haze,2024-05-05T21:16:27
Delhi,Karol Bagh,2024-04-28 15:46:27,28.6514,77.1901,3.5,24,33,12218,30.95,haze,2024-04-28T21:16:27
Delhi,Karol Bagh,2024-04-21 15:46:28,28.6514,77.1901,3.5,24,33,12218,29.87,haze,2024-04-21T21:16:28
Delhi,Karol Bagh,2024-04-14 15:46:29,28.6514,77.1901,3.5,24,33,12218,27.05,haze,2024-04-14T21:16:29
Delhi,Karol Bagh,2024-04-07 15:46:30,28.6514,77.1901,3.5,24,33,12218,26.8,haze,2024-04-07T21:16:30
Delhi,Karol Bagh,2024-03-31 15:46:31,28.6514,77.1901,3.5,24,33,12218,27.64,haze,2024-03-31T21:16:31
Delhi,Karol Bagh,2024-03-24 15:46:32,28.6514,77.1901,3.5,24,33,12218,22.76,haze,2024-03-24T21:16:32
Delhi,Karol Bagh,2024-03-17 15:46:32,28.6514,77.1901,3.5,24,33,12218,21.08,haze,2024-03-17T21:16:32
Delhi,Karol Bagh,2024-03-10 15:46:33,28.6514,77.1901,3.5,24,33,12218,20.28,haze,2024-03-10T21:16:33
Delhi,Karol Bagh,2024-03-03 15:46:34,28.6514,77.1901,3.5,24,33,12218,17.02,thunderstorm,2024-03-03T21:16:34
Delhi,Karol Bagh,2024-02-25 15:46:35,28.6514,77.1901,3.5,24,33,12218,16.75,haze,2024-02-25T21:16:35
Delhi,Karol Bagh,2024-02-18 15:46:36,28.6514,77.1901,3.5,24,33,12218,19.84,haze,2024-02-18T21:16:36
Delhi,Karol Bagh,2024-02-11 15:46:37,28.6514,77.1901,3.5,24,33,12218,14.36,clear sky,2024-02-11T21:16:37
Delhi,Karol Bagh,2024-02-04 15:46:37,28.6514,77.1901,3.5,24,33,12218,16.33,mist,2024-02-04T21:16:37
Delhi,Karol Bagh,2024-01-28 15:46:38,28.6514,77.1901,3.5,24,33,12218,13.31,fog,2024-01-28T21:16:38
Delhi,Karol Bagh,2024-01-21 15:46:39,28.6514,77.1901,3.5,24,33,12218,9.3,mist,2024-01-21T21:16:39
Delhi,Karol Bagh,2024-01-14 15:46:39,28.6514,77.1901,3.5,24,33,12218,8.75,clear sky,2024-01-14T21:16:39
Delhi,Karol Bagh,2024-01-07 15:46:40,28.6514,77.1901,3.5,24,33,12218,10.44,mist,2024-01-07T21:16:40
Delhi,Karol Bagh,2023-12-31 15:46:41,28.6514,77.1901,3.5,24,33,12218,11.18,mist,2023-12-31T21:16:41
Delhi,Karol Bagh,2023-12-24 15:46:41,28.6514,77.1901,3.5,24,33,12218,14.69,mist,2023-12-24T21:16:41
Delhi,Karol Bagh,2023-12-17 15:46:42,28.6514,77.1901,3.5,24,33,12218,13.35,clear sky,2023-12-17T21:16:42
Delhi,Karol Bagh,2023-12-10 15:46:43,28.6514,77.1901,3.5,24,33,12218,14.08,haze,2023-12-10T21:16:43
Delhi,Karol Bagh,2023-12-03 15:46:44,28.6514,77.1901,3.5,23,32,11572,18.3,haze,2023-12-03T21:16:44
